{"cameraMode":{"drawMode":0,"name":"Shaded","section":"Shading Mode"},"sceneLighting":false,"audioPlay":false,"sceneViewState":{"showFog":true,"showMaterialUpdate":false,"showSkybox":true,"showFlares":true,"showImageEffects":true,"showParticleSystems":true},"in2DMode":false,"pivot":{"x":8.057271957397461,"y":17.899032592773439,"z":-0.6048901677131653},"rotation":{"x":0.1933019459247589,"y":-0.2974916398525238,"z":0.06163739785552025,"w":0.9329178333282471},"size":0.8660255670547485,"orthographic":false}