{"cameraMode":{"drawMode":0,"name":"Shaded","section":"Shading Mode"},"sceneLighting":false,"audioPlay":false,"sceneViewState":{"showFog":true,"showMaterialUpdate":false,"showSkybox":false,"showFlares":true,"showImageEffects":true,"showParticleSystems":true},"in2DMode":false,"pivot":{"x":-0.314237117767334,"y":1.2800309658050538,"z":0.39513859152793887},"rotation":{"x":-0.27639222145080569,"y":-0.29048553109169009,"z":0.08804947882890701,"w":-0.9118483662605286},"size":3.3604981899261476,"orthographic":false}